"","location"
"1","1033-NE"
"17","1086-NW"
"36","1166-SE"
"43","1167-SE"
"75","1167-SW"
"94","1172-NW"
"101","1173-NW"
"117","1174-NW"
"137","1199-SE"
"167","1200-SE"
"181","1204-NW"
"199","1206-NW"
"216","121-NW"
"233","122-NW"
"254","1234-NW"
"274","1240-NW"
"291","1241-NW"
"308","1263-NW"
"329","1265-NW"
"362","1266-SE"
"391","1267-SE"
"407","1268-NW"
"458","1291-NW"
"473","1292-NE"
"506","1292-NW"
"558","1292-SE"
"595","1293-SE"
"623","1294-SE"
"642","1296-SE"
"666","1321-NW"
"691","1322-NW"
"705","1323-SE"
"719","1325-SE"
"737","13-NW"
"756","1400-NE"
"801","1424-NW"
"821","1425-NW"
"842","1425-SW"
"860","1426-NW"
"880","1444-SE"
"900","1448-NW"
"953","1466-NW"
"998","1467-NW"
"1017","1470-NW"
"1060","14-NW"
"1101","1547-NW"
"1146","154-SW"
"1157","1564-SE"
"1175","1565-NW"
"1224","1581-SE"
"1243","15-NW"
"1260","15-SE"
"1276","1616-NW"
"1321","1633-NW"
"1374","1647-NW"
"1418","17-NW"
"1432","187-SE"
"1449","211-SW"
"1470","212-NW"
"1491","213-SW"
"1509","234-SW"
"1551","235-NE"
"1584","235-NW"
"1604","235-SW"
"1620","236-NW"
"1682","252-SE"
"1698","264-NE"
"1740","264-NW"
"1788","264-SW"
"1823","265-NW"
"1871","265-SE"
"1904","265-SW"
"1937","266-NW"
"1991","270-NW"
"2008","277-SE"
"2023","282-NE"
"2040","283-NW"
"2058","283-SW"
"2075","294-NW"
"2130","295-NW"
"2181","296-NW"
"2227","2-NW"
"2246","301-NW"
"2266","318-NW"
"2283","320-SE"
"2299","321-SE"
"2318","322-SE"
"2334","323-NW"
"2355","324-NW"
"2373","325-NW"
"2389","32-NW"
"2408","331-NW"
"2426","332-NW"
"2443","33-NW"
"2458","346-NW"
"2480","349-SE"
"2499","34-NW"
"2515","351-SE"
"2533","352-NW"
"2550","353-NW"
"2569","359-NW"
"2587","360-NW"
"2606","361-NW"
"2625","376-NW"
"2640","378-NW"
"2658","379-SE"
"2671","37-NW"
"2689","380-SE"
"2708","381-SE"
"2725","382-NW"
"2739","383-NW"
"2758","384-NW"
"2777","389-NW"
"2795","390-NW"
"2812","391-NW"
"2827","392-NW"
"2844","3-NW"
"2849","404-SE"
"2864","405-SE"
"2883","409-NW"
"2899","410-NW"
"2914","412-NW"
"2934","413-NW"
"2953","414-NW"
"2972","415-NW"
"2993","416-NW"
"3008","417-NW"
"3026","421-NW"
"3043","422-NW"
"3063","433-SE"
"3081","439-NW"
"3098","440-NW"
"3115","442-NW"
"3134","443-NW"
"3155","444-NW"
"3180","445-NW"
"3199","446-NW"
"3217","447-NW"
"3231","451-NW"
"3248","452-NW"
"3264","463-SE"
"3284","464-SE"
"3299","465-SE"
"3316","470-NW"
"3335","472-NW"
"3350","473-NW"
"3371","474-NW"
"3391","475-NW"
"3410","476-NW"
"3425","477-NW"
"3442","481-NW"
"3470","482-NW"
"3487","483-NW"
"3507","497-NW"
"3522","498-NW"
"3537","499-NW"
"3551","4-NW"
"3574","503-SE"
"3588","504-SE"
"3607","505-SE"
"3626","506-NW"
"3643","507-NW"
"3662","508-NW"
"3678","512-NW"
"3695","514-NW"
"3713","520-SE"
"3744","521-SW"
"3775","528-NW"
"3794","529-NW"
"3812","530-NW"
"3829","534-SE"
"3845","535-SE"
"3861","537-NW"
"3877","538-NW"
"3894","539-NW"
"3912","543-NW"
"3929","544-NW"
"3948","545-NW"
"3970","555-NW"
"4000","557-SW"
"4015","560-NW"
"4030","561-NW"
"4050","565-SE"
"4069","566-SE"
"4086","567-SE"
"4103","568-NW"
"4122","569-NW"
"4137","570-NW"
"4155","574-NW"
"4175","575-NW"
"4193","576-NW"
"4213","584-NW"
"4231","585-NW"
"4249","586-NW"
"4265","587-NW"
"4283","588-NW"
"4300","589-NW"
"4320","590-SE"
"4335","592-SE"
"4353","593-NW"
"4371","594-NW"
"4387","595-NW"
"4406","599-NW"
"4416","5-NW"
"4435","600-NW"
"4450","601-NW"
"4467","603-NW"
"4486","604-NW"
"4505","608-NW"
"4522","619-NW"
"4537","621-NW"
"4556","622-SE"
"4575","623-SE"
"4591","624-SE"
"4606","625-NW"
"4622","627-NW"
"4639","629-NW"
"4656","632-NW"
"4677","634-NW"
"4693","635-NW"
"4707","636-NW"
"4725","653-NW"
"4743","663-NW"
"4762","664-NW"
"4781","666-NW"
"4799","668-NW"
"4807","686-NE"
"4821","687-NE"
"4840","687-NW"
"4858","691-NW"
"4872","692-NW"
"4887","693-NW"
"4907","718-SE"
"4922","722-NW"
"4946","723-NW"
"4969","753-NW"
"4986","754-NW"
"5007","755-NW"
"5030","768-SE"
"5046","769-SE"
"5063","782-SE"
"5078","792-NW"
"5095","793-NW"
"5113","799-SE"
"5129","816-SE"
"5146","826-NW"
"5165","827-NW"
"5187","848-SE"
"5202","879-NW"
"5220","880-NE"
"5237","939-SE"
"5251","940-SE"
"5270","966-SW"
"5288","999-NE"
"5304","999-NW"
